{
    "aabb_scale": 4,
    "cx": 599.5,
    "cy": 339.5,
    "fl_x": 600.0,
    "fl_y": 600.0,
    "h": 680,
    "integer_depth_scale": 0.00019999999494757503,
    "k1": 0.0002384057588642463,
    "k2": -0.00031479750759899616,
    "offset": [
        0.5,
        0.5,
        0.5
    ],
    "p1": -7.392305269604549e-05,
    "p2": -2.7716001568478532e-05,
    "scale": 0.33000001311302185,
    "w": 1200
}
